node,type,cluster
Travis Scott,main,Central
Quavo,artist,Trap
Young Thug,artist,Trap
The Weeknd,artist,Pop
21 Savage,artist,Trap
Sheck Wes,artist,Cactus Jack
Don Toliver,artist,Cactus Jack
Kid Cudi,artist,Psychedelic
Kanye West,artist,Mainstream Rap
Future,artist,Trap
2 Chainz,artist,Trap
Swae Lee,artist,Pop
Toro y Moi,artist,Psychedelic
T.I.,artist,Trap
Justin Vernon,artist,Psychedelic
Big Sean,artist,Mainstream Rap
Pharrell Williams,artist,Psychedelic
NAV,artist,Trap
Takeoff,artist,Trap
Lil Uzi Vert,artist,Psychedelic
Drake,artist,Mainstream Rap
James Blake,artist,Psychedelic
SZA,artist,Pop
Playboi Carti,artist,Trap
Bun B,artist,Houston Legends
Meek Mill,artist,Mainstream Rap
A$AP Ferg,artist,Psychedelic
Popcaan,artist,Dancehall
Theophilus London,artist,Psychedelic
Paul Wall,artist,Houston Legends
James Fauntleroy,artist,Pop
Wale,artist,Mainstream Rap
Rich Homie Quan,artist,Trap
The 1975,artist,Alternative
Migos,artist,Trap
Peewee Longway,artist,Trap
Juicy J,artist,Southern Hip-Hop
Kacy Hill,artist,Pop
Chief Keef,artist,Drill
Justin Bieber,artist,Pop
ScHoolboy Q,artist,Mainstream Rap
Andre 3000,artist,Southern Hip-Hop
Kendrick Lamar,artist,Mainstream Rap
Bryson Tiller,artist,Pop
Gucci Mane,artist,Trap
Yo Gotti,artist,Southern Hip-Hop
Desiigner,artist,Trap
Offset,artist,Trap
Yung Lean,artist,Psychedelic
Frank Ocean,artist,Pop
Philip Bailey,artist,Soul
Juice WRLD,artist,Trap
Tame Impala,artist,Psychedelic
Gunna,artist,Trap
Lil Baby,artist,Trap
ROSALIA,artist,International
Luxury Tax,artist,Cactus Jack
Pop Smoke,artist,Drill
M.I.A.,artist,Alternative
Teezo Touchdown,artist,Psychedelic
Beyonce,artist,Pop
Rob49,artist,Southern Hip-Hop
Dave Chappelle,artist,Cultural Figures
Westside Gunn,artist,Alternative
Bad Bunny,artist,International
Waka Flocka Flame,artist,Trap
SoFaygo,artist,Cactus Jack
SahBabii,artist,Trap
Tyla,artist,International
Vybz Kartel,artist,Dancehall
GloRilla,artist,Southern Hip-Hop
YoungBoy Never Broke Again,artist,Southern Hip-Hop
Kodak Black,artist,Southern Hip-Hop
MIKE DEAN,producer,Producer
Allen Ritter,producer,Producer
WondaGurl,producer,Producer
Jahaan Sweet,producer,Producer
Metro Boomin,producer,Producer
CuBeatz,producer,Producer
OZ,producer,Producer
Vinylz,producer,Producer
Ging,producer,Producer
Murda Beatz,producer,Producer
Noah Goldstein,producer,Producer
Cardo Got Wings,producer,Producer
Boi-1da,producer,Producer
Kanye West,producer,Producer
Anthony Kilhoffer,producer,Producer
J Gramm,producer,Producer
TM88,producer,Producer
Vegyn,producer,Producer
Buddy Ross,producer,Producer
Dahi,producer,Producer
Lex Luger,producer,Producer
Southside,producer,Producer
Sonny Digital,producer,Producer
Hit-Boy,producer,Producer
Tay Keith,producer,Producer
BNYX,producer,Producer
FKi 1st,producer,Producer
Pharrell Williams,producer,Producer
Roget Chahayed,producer,Producer
Buddah Bless,producer,Producer
Wheezy,producer,Producer
30 Roc,producer,Producer
James Blake,producer,Producer
John Mayer,producer,Producer
Sevn Thomas,producer,Producer
Wallis Lane,producer,Producer
Nik D,producer,Producer
Coleman,producer,Producer
BBYKOBE,producer,Producer
Dilip,producer,Producer
FKi,producer,Producer
The Weeknd,producer,Producer
Illangelo,producer,Producer
Charlie Heat,producer,Producer
T-Minus,producer,Producer
Felix Leone,producer,Producer
!llmind,producer,Producer
London Cyr,producer,Producer
FNZ,producer,Producer
BoogzDaBeast,producer,Producer
Dez Wright,producer,Producer
Toro y Moi,producer,Producer
Emile Haynie,producer,Producer
Rey Reel,producer,Producer
Rahki,producer,Producer
Young Chop,producer,Producer
Rick Rubin,producer,Producer
No I.D.,producer,Producer
Ann Marie Calhoun,producer,Producer
SAK PASE,producer,Producer
The Dope Boyz,producer,Producer
AudioKlique,producer,Producer
C Gutta,producer,Producer
Charlie Handsome,producer,Producer
Syk Sense,producer,Producer
J. Hill,producer,Producer
Tane Runo,producer,Producer
Mano,producer,Producer
Zaytoven,producer,Producer
Ben Billions,producer,Producer
DK the Drummer,producer,Producer
Eestbound,producer,Producer
Maneesh,producer,Producer
1500 or Nothin,producer,Producer
Terrace Martin,producer,Producer
Evian Christ,producer,Producer
Daxz,producer,Producer
Honorable C.N.O.T.E.,producer,Producer
Cashmere Cat,producer,Producer
NAV,producer,Producer
Ricci Riera,producer,Producer
NisiOnTheTrack,producer,Producer
Yung Exclusive,producer,Producer
Sy Ari da Kid,producer,Producer
TEAUXNY,producer,Producer
Mel & Mus,producer,Producer
Illa Jones,producer,Producer
dF,producer,Producer
DJ Mustard,producer,Producer
Free Schoool,producer,Producer
A-Trak,producer,Producer
Fonzworth Bentley,producer,Producer
DY Krazy,producer,Producer
Supah Mario,producer,Producer
Yung Lean,producer,Producer
Gud,producer,Producer
Pas Beatz,producer,Producer
Yipsy,producer,Producer
C4Bombs,producer,Producer
Dun Deal,producer,Producer
The Featherstones,producer,Producer
Breyan Isaac,producer,Producer
BWheezy,producer,Producer
CA$HPASSION,producer,Producer
Bkorn,producer,Producer
MD Beatz,producer,Producer
Blair Taylor,producer,Producer
Stevie Wonder,producer,Producer
JBeatzz,producer,Producer
Gezin,producer,Producer
Young Larry David,producer,Producer
Tame Impala,producer,Producer
Thundercat,producer,Producer
Matthew Tavares,producer,Producer
River Tiber,producer,Producer
Turbo,producer,Producer
June The Genius,producer,Producer
RamyOnTheBeat,producer,Producer
SheldonFerguson,producer,Producer
Nineteen85,producer,Producer
Tim Suby,producer,Producer
Pi'erre Bourne,producer,Producer
DaHeala,producer,Producer
Ricky Reed,producer,Producer
ROSALIA,producer,Producer
Ugur Tig,producer,Producer
Jabz,producer,Producer
Jenius Level,producer,Producer
Early Yellow,producer,Producer
Sarah Schachner,producer,Producer
AXL Beats,producer,Producer
808 Melo,producer,Producer
Dot Da Genius,producer,Producer
Plain Pat,producer,Producer
Take a Daytrip,producer,Producer
El Guincho,producer,Producer
DJ Nelson,producer,Producer
Alejandro Armes,producer,Producer
Ludwig Goransson,producer,Producer
CHASE B,producer,Producer
Teddy Walton,producer,Producer
Guy-Manuel de Homem-Christo,producer,Producer
Psymun,producer,Producer
E.Vax,producer,Producer
Beyonce,producer,Producer
206DEREK,producer,Producer
Hoops,producer,Producer
Cadenza,producer,Producer
Nik Dean,producer,Producer
Nami,producer,Producer
Slim Pharaoh,producer,Producer
Travis Sayles,producer,Producer
The Alchemist,producer,Producer
Dom Maker,producer,Producer
Elliot Baker,producer,Producer
DVLP,producer,Producer
Hudson Mohawke,producer,Producer
Nabeyin,producer,Producer
Kesh,producer,Producer
Mcevoy,producer,Producer
Johnny Juliano,producer,Producer
Sean Momberger,producer,Producer
Otxhello,producer,Producer
Blake$ale,producer,Producer
prodluke,producer,Producer
AM,producer,Producer
F1LTHY,producer,Producer
Glasear,producer,Producer
Ace G,producer,Producer
Berg,producer,Producer
AJ Williams,producer,Producer
ARPXX,producer,Producer
LVUSM,producer,Producer
DJ Moon,producer,Producer
CAMEone,producer,Producer
