tour,year_start,year_end,revenue_millions,attendance,shows,headlining,main_artist
Rodeo Tour,2015,2015,2.12,43000,30,TRUE,Travis Scott
Birds Eye View Tour,2017,2017,10,107500,40,TRUE,Travis Scott
Astroworld: Wish You Were Here Tour,2018,2019,65,848197,58,TRUE,Travis Scott
Circus Maximus,2023,2025,265.1,2100000,85,TRUE,Travis Scott
The Yeezus Tour,2013,2014,31.8,400000,45,FALSE,Kanye West
The Madness Fall Tour,2015,2015,24.3,318104,23,FALSE,The Weeknd
Anti World Tour,2016,2016,110,1000000,75,FALSE,Rihanna
The Damn. Tour,2017,2017,77.3,833372,62,FALSE,Kendrick Lamar
Starboy: Legend of the Fall Tour,2017,2017,82.2,1013404,72,FALSE,The Weeknd
